{
  "project_info": {
    "project_number": "32002265810",
    "firebase_url": "https://rtubmler1.firebaseio.com",
    "project_id": "rtubmler1",
    "storage_bucket": "rtubmler1.appspot.com"
  },
  "client": [
    {
      "client_info": {
        "mobilesdk_app_id": "1:32002265810:android:077dccb4b8de1a81b1930b",
        "android_client_info": {
          "package_name": "com.example.a3rtubler1"
        }
      },
      "oauth_client": [
        {
          "client_id": "32002265810-kpfgg5au6hd32t4tit0ako5qupmg90ll.apps.googleusercontent.com",
          "client_type": 3
        }
      ],
      "api_key": [
        {
          "current_key": "AIzaSyAgdfoJtx7KkOMWxofaRH_F4fcpHA_yP-s"
        }
      ],
      "services": {
        "appinvite_service": {
          "other_platform_oauth_client": [
            {
              "client_id": "32002265810-kpfgg5au6hd32t4tit0ako5qupmg90ll.apps.googleusercontent.com",
              "client_type": 3
            }
          ]
        }
      }
    }
  ],
  "configuration_version": "1"
}